46,#CCCCCC,#FFFFFF,#CCCCCC,#FFFFFF,0,0,#F6F6F6,#CCCCCC,#FFFFFF,#CCCCCC,#F6F6F6,#FFFFFF
410,#CCCCCC,#FFFFFF,#CCCCCC,#FFFFFF,0,0,       ,       ,       ,       ,       ,       
411,#CCCCCC,#FFFFFF,#CCCCCC,#FFFFFF,0,0,       ,       ,       ,       ,       ,       
412,#CCCCCC,#FFFFFF,#CCCCCC,#FFFFFF,0,0,#F6F6F6,#CECECE,#FFFFFF,#DADADA,       ,       
403,#CCCCCC,#FFFFFF,#CCCCCC,#FFFFFF,0,0,       ,       ,       ,       ,       ,       
404,#CCCCCC,#FFFFFF,#CCCCCC,#FFFFFF,0,0,       ,       ,       ,       ,       ,       
405,#CCCCCC,#FFFFFF,#CCCCCC,#FFFFFF,0,0,       ,       ,       ,       ,       ,       
402,#CCCCCC,#FFFFFF,#CECECE,#FFFFFF,0,0,       ,       ,       ,#D7D7D7,#FFFFFF,#FFFFFF
1,#CCCCCC,#FFFFFF,#CCCCCC,#FFFFFF,0,0,       ,       ,       ,       ,       ,       
2,#CCCCCC,#FFFFFF,#CCCCCC,#FFFFFF,0,0,       ,#DBDBDB,       ,       ,       ,       
3,#CCCCCC,#FFFFFF,#CCCCCC,#3366FF,0,0,#FFFFFF,#DBDBDB,       ,       ,       ,       
4,#CCCCCC,#FFFFFF,#CCCCCC,#FFFFFF,0,0,#FFFFFF,#DBDBDB,       ,       ,       ,       
5,#CCCCCC,#FFFFFF,#CCCCCC,#FFFFFF,0,0,       ,       ,       ,       ,       ,       
6,#CCCCCC,#FFFFFF,#CCCCCC,#FFFFFF,0,0,#F7F7F7,       ,       ,       ,       ,       
7,#CCCCCC,#FFFFFF,#CCCCCC,#FFFFFF,0,0,#F5F5F5,       ,       ,       ,       ,       
8,#CCCCCC,#FFFFFF,#CCCCCC,#FFFFFF,0,0,#F7F7F7,#D8D8D8,       ,       ,       ,       
9,#CCCCCC,#FFFFFF,#CCCCCC,#FFFFFF,0,0,       ,#D8D8D8,       ,       ,       ,       
10,#CCCCCC,#FFFFFF,#CCCCCC,#F5F5F5,0,0,#FFFFFF,#DBDBDB,#FFFFFF,       ,       ,       
11,#CCCCCC,#FFFFFF,#CCCCCC,#FFFFFF,0,0,#FFFFFF,#DBDBDB,       ,       ,       ,       
12,#CCCCCC,#FFFFFF,#CCCCCC,#FFFFFF,0,0,       ,#DBDBDB,       ,       ,       ,       
13,#CCCCCC,#FFFFFF,#CCCCCC,#FFFFFF,0,0,       ,#DBDBDB,       ,       ,       ,       
14,#CCCCCC,#FFFFFF,#CCCCCC,#FFFFFF,0,0,       ,       ,       ,       ,       ,       
15,#CCCCCC,#FFFFFF,#CCCCCC,#FFFFFF,0,0,       ,#66FFCC,       ,       ,       ,       
16,#CCCCCC,#FFFFFF,#CCCCCC,#FFFFFF,0,0,       ,       ,       ,       ,       ,       
17,#CCCCCC,#FFFFFF,#CCCCCC,#FFFFFF,0,0,       ,       ,       ,       ,       ,       
18,#CCCCCC,#FFFFFF,#CCCCCC,#FFFFFF,0,0,       ,       ,       ,       ,       ,       
21,#CCCCCC,#FFFFFF,#CCCCCC,#FFFFFF,0,0,       ,       ,       ,       ,       ,       
22,#CCCCCC,#FFFFFF,#CCCCCC,#FFFFFF,0,0,       ,       ,       ,       ,       ,       
23,#CCCCCC,#FFFFFF,#CCCCCC,#FFFFFF,0,0,       ,       ,       ,       ,       ,       
24,#CCCCCC,#FFFFFF,#CCCCCC,#FFFFFF,0,0,       ,       ,       ,       ,       ,       
25,#CCCCCC,#FFFFFF,#CCCCCC,#FFFFFF,0,0,       ,       ,       ,       ,       ,       
26,#CCCCCC,#FFFFFF,#CCCCCC,#FFFFFF,0,0,       ,       ,       ,       ,       ,       
27,#CCCCCC,#FFFFFF,#CCCCCC,#FFFFFF,0,0,       ,       ,       ,       ,       ,       
28,#CCCCCC,#FFFFFF,#CCCCCC,#FFFFFF,0,0,       ,       ,       ,       ,       ,       
29,#CCCCCC,#FFFFFF,#CCCCCC,#FFFFFF,0,0,       ,       ,       ,       ,       ,       
30,#CCCCCC,#FFFFFF,#CCCCCC,#FFFFFF,0,0,       ,       ,       ,       ,       ,       
32,#CCCCCC,#FFFFFF,#CCCCCC,#FFFFFF,0,0,       ,       ,       ,       ,       ,       
33,#CCCCCC,#FFFFFF,#CCCCCC,#FFFFFF,0,0,       ,       ,       ,       ,       ,       
34,#CCCCCC,#FFFFFF,#CCCCCC,#FFFFFF,0,0,       ,       ,       ,       ,       ,       
35,#CCCCCC,#FFFFFF,#CCCCCC,#FFFFFF,0,0,       ,       ,       ,       ,       ,       
36,#CCCCCC,#FFFFFF,#CCCCCC,#FFFFFF,0,0,       ,       ,       ,#D7D7D7,#FFFFFF,#FFFFFF
37,#CCCCCC,#FFFFFF,#CCCCCC,#FFFFFF,0,0,       ,       ,       ,       ,       ,       
38,#CCCCCC,#FFFFFF,#CCCCCC,#FFFFFF,0,0,#F7F7F7,#FFFFFF,#FFFFFF,#FFFFFF,       ,       
39,#CCCCCC,#FFFFFF,#CECECE,#FFFFFF,0,0,       ,       ,       ,#D7D7D7,#FFFFFF,#FFFFFF
40,#CCCCCC,#FFFFFF,#CCCCCC,#FFFFFF,0,0,       ,       ,       ,       ,       ,       
41,#CCCCCC,#FFFFFF,#CCCCCC,#FFFFFF,0,0,       ,       ,       ,       ,       ,       
42,#CCCCCC,#FFFFFF,#CCCCCC,#FFFFFF,0,0,       ,       ,       ,       ,       ,       
43,#CCCCCC,#FFFFFF,#CCCCCC,#FFFFFF,0,0,#F6F6F6,#DADADA,#FFFFFF,#CECEC ,       ,       
44,#CCCCCC,#FFFFFF,#CCCCCC,#FFFFFF,0,0,       ,       ,       ,       ,       ,       
45,#CCCCCC,#FFFFFF,#CCCCCC,#FFFFFF,0,0,       ,       ,       ,       ,       ,       
47,#CCCCCC,#FFFFFF,#CCCCCC,#FFFFFF,0,0,       ,       ,       ,       ,       ,       
48,#CCCCCC,#FFFFFF,#CCCCCC,#FFFFFF,0,0,       ,       ,       ,       ,       ,       
49,#CCCCCC,#FFFFFF,#CECECE,#FFFFFF,0,0,#FFFFFF,#DCDCDC,#F6F6F6,#FFFFFF,       ,       
50,#CCCCCC,#FFFFFF,#CCCCCC,#FFFFFF,0,0,       ,       ,       ,       ,       ,       
51,#CCCCCC,#FFFFFF,#CCCCCC,#FFFFFF,0,0,       ,       ,       ,       ,       ,       
52,#CCCCCC,#FFFFFF,#CCCCCC,#FFFFFF,0,0,       ,       ,       ,       ,       ,       
53,#CCCCCC,#FFFFFF,#CCCCCC,#FFFFFF,0,0,#00BFCD,#20DEEE,#F7F7F7,#C6DEE1,       ,       
54,#CCCCCC,#FFFFFF,#CECECE,#FFFFFF,0,0,       ,       ,#F6F6F6,       ,       ,       
55,#CCCCCC,#FFFFFF,#CCCCCC,#FFFFFF,0,0,       ,       ,       ,       ,       ,       
56,#CCCCCC,#FFFFFF,#CCCCCC,#FFFFFF,0,0,#00BFCD,#C6DEE1,#F7F7F7,#D7D7D7,       ,       
57,#CCCCCC,#FFFFFF,#CCCCCC,#FFFFFF,0,0,       ,       ,       ,       ,       ,       
58,#CCCCCC,#FFFFFF,#CCCCCC,#FFFFFF,0,0,       ,       ,       ,       ,       ,       
59,#CCCCCC,#FFFFFF,#CCCCCC,#FFFFFF,0,0,#F6F6F6,#DCDCDC,#FFFFF ,#FFFFFF,       ,       
60,#CCCCCC,#FFFFFF,#CCCCCC,#FFFFFF,0,0,       ,       ,       ,       ,       ,       
61,#CCCCCC,#FFFFFF,#CCCCCC,#FFFFFF,0,0,       ,       ,       ,       ,       ,       
62,#CCCCCC,#FFFFFF,#CCCCCC,#FFFFFF,0,0,#00BFCD,#C6DEE1,#F7F7F7,#D7D7D7,       ,       
63,#CCCCCC,#FFFFFF,#CCCCCC,#FFFFFF,0,0,       ,       ,       ,       ,       ,       
64,#CCCCCC,#FFFFFF,#CCCCCC,#FFFFFF,0,0,       ,       ,       ,       ,       ,       
65,#CCCCCC,#FFFFFF,#CCCCCC,#FFFFFF,0,0,#F5F5F5,#C2C2C2,#FFFFFF,       ,       ,       
66,#CCCCCC,#FFFFFF,#CCCCCC,#FFFFFF,0,0,       ,#D7D7D7,       ,#D7D7D7,#F7F7F7,#FFFFFF
67,#CCCCCC,#FFFFFF,#CCCCCC,#FFFFFF,0,0,       ,#D7D7D7,       ,#D7D7D7,#F7F7F7,#FFFFFF
68,#CCCCCC,#FFFFFF,#CCCCCC,#FFFFFF,0,0,       ,#D7D7D7,#FFFFFF,#D7D7D7,#F7F7F7,#FFFFFF
69,#CCCCCC,#FFFFFF,#CCCCCC,#FFFFFF,0,0,       ,       ,       ,       ,       ,       
70,#CCCCCC,#FFFFFF,#CCCCCC,#FFFFFF,0,0,       ,       ,       ,       ,       ,       
71,#CCCCCC,#FFFFFF,#CCCCCC,#FFFFFF,0,0,       ,       ,       ,       ,       ,       
72,#CCCCCC,#FFFFFF,#CCCCCC,#FFFFFF,0,0,       ,       ,       ,       ,       ,       
73,#CCCCCC,#FFFFFF,#CCCCCC,#FFFFFF,0,0,       ,       ,       ,       ,       ,       
74,#CCCCCC,#FFFFFF,#CCCCCC,#FFFFFF,0,0,       ,       ,       ,       ,       ,       
75,#CCCCCC,#FFFFFF,#CCCCCC,#FFFFFF,0,0,       ,       ,       ,       ,       ,       
76,#CCCCCC,#FFFFFF,#CCCCCC,#FFFFFF,0,0,       ,       ,       ,       ,       ,       
77,#CCCCCC,#FFFFFF,#CCCCCC,#FFFFFF,0,0,#F7F7F7,#CCCCCC,#FFFFFF,#CECECE,       ,       
79,#CCCCCC,#FFFFFF,#CCCCCC,#FFFFFF,0,0,       ,       ,       ,       ,       ,       
80,#CCCCCC,#FFFFFF,#CCCCCC,#FFFFFF,0,0,       ,       ,       ,#D7D7D7,#F7F7F7,#FFFFFF
81,#CCCCCC,#FFFFFF,#CCCCCC,#FFFFFF,0,0,       ,       ,       ,       ,       ,       
82,#CCCCCC,#FFFFFF,#CCCCCC,#FFFFFF,0,0,       ,       ,       ,       ,       ,       
83,#CCCCCC,#FFFFFF,#CCCCCC,#FFFFFF,0,0,#F6F6F6,#C2C2C2,#FFFFFF,#EEEEEE,#FFFFFF,#FFFFFF
84,#CCCCCC,#FFFFFF,#CCCCCC,#FFFFFF,0,0,       ,       ,       ,       ,       ,       
85,#CCCCCC,#FFFFFF,#CCCCCC,#FFFFFF,0,0,       ,       ,       ,       ,       ,       
86,#CCCCCC,#FFFFFF,#CCCCCC,#FFFFFF,0,0,#F5F5F5,#DADADA,       ,       ,       ,       
87,#CCCCCC,#FFFFFF,#CCCCCC,#FFFFFF,0,0,       ,       ,       ,       ,       ,       
88,#CCCCCC,#FFFFFF,#CCCCCC,#FFFFFF,0,0,       ,       ,       ,       ,       ,       
89,#CCCCCC,#FFFFFF,#CCCCCC,#FFFFFF,0,0,#F6F6F6,#DCDCDC,#FFFFFF,#FFFFFF,       ,       
90,#CCCCCC,#FFFFFF,#CCCCCC,#FFFFFF,0,0,       ,       ,       ,       ,       ,       
91,#CCCCCC,#FFFFFF,#CCCCCC,#FFFFFF,0,0,       ,       ,       ,       ,       ,       
92,#CCCCCC,#FFFFFF,#CCCCCC,#FFFFFF,0,0,#F7F7F7,#E4E3E1,#FFFFFF,       ,       ,       
93,#CCCCCC,#FFFFFF,#CCCCCC,#FFFFFF,0,0,#F6F6F6,#E7E7E7,#FFFFFF,#DADADA,       ,       
94,#CCCCCC,#FFFFFF,#CCCCCC,#FFFFFF,0,0,       ,#E7E7E7,       ,#C2C2C2,       ,       
95,#CCCCCC,#FFFFFF,#CCCCCC,#FFFFFF,0,0,       ,       ,       ,       ,       ,       
96,#CCCCCC,#FFFFFF,#CCCCCC,#FFFFFF,0,0,       ,       ,       ,       ,       ,       
97,#CCCCCC,#FFFFFF,#CCCCCC,#FFFFFF,0,0,       ,       ,       ,       ,       ,       
98,#CCCCCC,#FFFFFF,#CCCCCC,#FFFFFF,0,0,       ,       ,       ,       ,       ,       
99,#CCCCCC,#FFFFFF,#CCCCCC,#FFFFFF,0,0,       ,       ,       ,       ,       ,       
100,#CCCCCC,#FFFFFF,#CCCCCC,#FFFFFF,0,0,       ,       ,       ,       ,       ,       
101,#CCCCCC,#FFFFFF,#CCCCCC,#FFFFFF,0,0,       ,       ,       ,       ,       ,       
102,#CCCCCC,#FFFFFF,#CCCCCC,#FFFFFF,0,0,       ,       ,       ,       ,       ,       
103,#CCCCCC,#FFFFFF,#CCCCCC,#FFFFFF,0,0,       ,       ,       ,       ,       ,       
104,#CCCCCC,#FFFFFF,#CCCCCC,#FFFFFF,0,0,#F6F6F6,#DCDCDC,       ,#FFFFFF,       ,       
105,#CCCCCC,#FFFFFF,#CCCCCC,#FFFFFF,0,0,       ,       ,       ,       ,       ,       
106,#CCCCCC,#FFFFFF,#CCCCCC,#FFFFFF,0,0,       ,       ,       ,       ,       ,       
107,#CCCCCC,#FFFFFF,#CCCCCC,#FFFFFF,0,0,#F6F6F6,#DCDCDC,       ,#FFFFFF,       ,       
108,#CCCCCC,#FFFFFF,#CCCCCC,#FFFFFF,0,0,       ,       ,       ,       ,       ,       
109,#CCCCCC,#FFFFFF,#CCCCCC,#FFFFFF,0,0,       ,       ,       ,       ,       ,       
110,#CCCCCC,#FFFFFF,#CCCCCC,#FFFFFF,0,0,       ,       ,       ,       ,       ,       
111,#CCCCCC,#FFFFFF,#CCCCCC,#FFFFFF,0,0,#F5F5F5,#DADADA,#FFFFFF,#CECECE,       ,       
112,#CCCCCC,#FFFFFF,#CCCCCC,#FFFFFF,0,0,       ,       ,       ,       ,       ,       
113,#CCCCCC,#FFFFFF,#CCCCCC,#FFFFFF,0,0,       ,       ,       ,       ,       ,       
114,#CCCCCC,#FFFFFF,#CCCCCC,#FFFFFF,0,0,#F6F6F6,#DADADA,#FFFFFF,#CECECE,       ,       
115,#CCCCCC,#FFFFFF,#CCCCCC,#FFFFFF,0,0,       ,       ,       ,       ,       ,       
116,#CCCCCC,#FFFFFF,#CCCCCC,#FFFFFF,0,0,       ,       ,       ,       ,       ,       
117,#CCCCCC,#FFFFFF,#CCCCCC,#FFFFFF,0,0,#F6F6F6,#ADADAD,#FFFFFF,#E4E4E4,       ,       
118,#CCCCCC,#FFFFFF,#CCCCCC,#FFFFFF,0,0,       ,       ,       ,       ,       ,       
119,#CCCCCC,#FFFFFF,#CCCCCC,#FFFFFF,0,0,       ,       ,       ,       ,       ,       
120,#CCCCCC,#FFFFFF,#CCCCCC,#FFFFFF,0,0,       ,       ,       ,       ,       ,       
121,#CCCCCC,#FFFFFF,#CCCCCC,#FFFFFF,0,0,#F6F6F6,#CECECE,#FFFFFF,#DADADA,       ,       
122,#CCCCCC,#FFFFFF,#CCCCCC,#FFFFFF,0,0,       ,       ,       ,       ,       ,       
123,#CCCCCC,#FFFFFF,#CCCCCC,#FFFFFF,0,0,       ,       ,       ,       ,       ,       
124,#CCCCCC,#FFFFFF,#CCCCCC,#FFFFFF,0,0,#F6F6F6,#CECECE,#FFFFFF,#DADADA,       ,       
125,#CCCCCC,#FFFFFF,#CCCCCC,#FFFFFF,0,0,       ,       ,       ,       ,       ,       
126,#CCCCCC,#FFFFFF,#CCCCCC,#FFFFFF,0,0,       ,       ,       ,       ,       ,       
127,#CCCCCC,#FFFFFF,#CCCCCC,#FFFFFF,0,0,#F6F6F6,#CECECE,#FFFFFF,#DADADA,       ,       
128,#CCCCCC,#FFFFFF,#CCCCCC,#FFFFFF,0,0,       ,       ,       ,       ,       ,       
129,#CCCCCC,#FFFFFF,#CCCCCC,#FFFFFF,0,0,       ,       ,       ,       ,       ,       
130,#CCCCCC,#FFFFFF,#CCCCCC,#FFFFFF,0,0,#F6F6F6,#DADADA,#FFFFFF,#CECECE,#F6F6F6,#FFFFFF
134,#CCCCCC,#FFFFFF,#CCCCCC,#FFFFFF,0,0,       ,       ,       ,       ,       ,       
135,#CCCCCC,#FFFFFF,#CCCCCC,#FFFFFF,0,0,       ,       ,       ,       ,       ,       
136,#CCCCCC,#FFFFFF,#CCCCCC,#FFFFFF,0,0,       ,       ,       ,       ,       ,       
137,#CCCCCC,#FFFFFF,#CCCCCC,#FFFFFF,0,0,       ,       ,       ,       ,       ,       
138,#CCCCCC,#FFFFFF,#CCCCCC,#FFFFFF,0,0,       ,       ,       ,       ,       ,       
139,#CCCCCC,#FFFFFF,#CCCCCC,#FFFFFF,0,0,       ,       ,       ,       ,       ,       
140,#CCCCCC,#FFFFFF,#CCCCCC,#FFFFFF,0,0,       ,       ,       ,       ,       ,       
141,#CCCCCC,#FFFFFF,#CCCCCC,#FFFFFF,0,0,       ,       ,       ,       ,       ,       
142,#CCCCCC,#FFFFFF,#CCCCCC,#FFFFFF,0,0,#F6F6F6,#CECECE,#FFFFFF,#DADADA,       ,       
143,#CCCCCC,#FFFFFF,#CCCCCC,#FFFFFF,0,0,       ,       ,       ,       ,       ,       
144,#CCCCCC,#FFFFFF,#CCCCCC,#FFFFFF,0,0,       ,       ,       ,       ,       ,       
145,#CCCCCC,#FFFFFF,#CCCCCC,#FFFFFF,0,0,       ,       ,       ,       ,       ,       
146,#CCCCCC,#FFFFFF,#CCCCCC,#FFFFFF,0,0,       ,       ,       ,       ,       ,       
147,#CCCCCC,#FFFFFF,#CCCCCC,#FFFFFF,0,0,       ,       ,       ,       ,       ,       
148,#CCCCCC,#FFFFFF,#CCCCCC,#FFFFFF,0,0,       ,       ,       ,       ,       ,       
149,#CCCCCC,#FFFFFF,#CCCCCC,#FFFFFF,0,0,       ,       ,       ,       ,       ,       
150,#CCCCCC,#FFFFFF,#CCCCCC,#FFFFFF,0,0,       ,       ,       ,       ,       ,       
151,#CCCCCC,#FFFFFF,#CCCCCC,#FFFFFF,0,0,       ,       ,       ,       ,       ,       
152,#CCCCCC,#FFFFFF,#CCCCCC,#FFFFFF,0,0,       ,       ,       ,       ,       ,       
153,#CCCCCC,#FFFFFF,#CCCCCC,#FFFFFF,0,0,       ,       ,       ,       ,       ,       
154,#CCCCCC,#FFFFFF,#CCCCCC,#FFFFFF,0,0,       ,       ,       ,       ,       ,       
155,#CCCCCC,#FFFFFF,#CCCCCC,#FFFFFF,0,0,#F6F6F6,#DADADA,#FFFFFF,#CECECE,       ,       
156,#CCCCCC,#FFFFFF,#CCCCCC,#FFFFFF,0,0,       ,       ,       ,       ,       ,       
157,#CCCCCC,#FFFFFF,#CCCCCC,#FFFFFF,0,0,       ,       ,       ,       ,       ,       
158,#CCCCCC,#FFFFFF,#CCCCCC,#FFFFFF,0,0,#F5F5F5,#DADADA,       ,       ,       ,       
159,#CCCCCC,#FFFFFF,#CCCCCC,#FFFFFF,0,0,       ,       ,       ,       ,       ,       
160,#CCCCCC,#FFFFFF,#CCCCCC,#FFFFFF,0,0,       ,       ,       ,       ,       ,       
161,#CCCCCC,#FFFFFF,#CCCCCC,#FFFFFF,0,0,       ,       ,       ,       ,       ,       
162,#CCCCCC,#FFFFFF,#CCCCCC,#FFFFFF,0,0,#F6F6F6,#DCDCDC,       ,       ,       ,       
163,#CCCCCC,#FFFFFF,#CCCCCC,#FFFFFF,0,0,       ,       ,       ,       ,       ,       
164,#CCCCCC,#FFFFFF,#CCCCCC,#FFFFFF,0,0,       ,       ,       ,       ,       ,       
165,#CCCCCC,#FFFFFF,#CCCCCC,#FFFFFF,0,0,#F5F5F5,#DADADA,#F5F5F5,#D7D7D7,#F7F7F7,#FFFFFF
166,#CCCCCC,#FFFFFF,#CCCCCC,#FFFFFF,0,0,       ,       ,       ,       ,       ,       
167,#CCCCCC,#FFFFFF,#CCCCCC,#FFFFFF,0,0,       ,       ,       ,       ,       ,       
168,#CCCCCC,#FFFFFF,#CCCCCC,#FFFFFF,0,0,       ,       ,       ,       ,       ,       
169,#CCCCCC,#FFFFFF,#CCCCCC,#FFFFFF,0,0,#F6F6F6,#E7E7E7,#FFFFFF,#DADADA,       ,       
170,#CCCCCC,#FFFFFF,#CCCCCC,#FFFFFF,0,0,#F6F6F6,#CECECE,#FFFFFF,#DADADA,       ,       
171,#CCCCCC,#FFFFFF,#CCCCCC,#FFFFFF,0,0,       ,       ,       ,       ,       ,       
172,#CCCCCC,#FFFFFF,#CCCCCC,#FFFFFF,0,0,       ,       ,       ,       ,       ,       
173,#CCCCCC,#FFFFFF,#CCCCCC,#FFFFFF,0,0,#F6F6F6,#DADADA,#FFFFFF,       ,       ,       
174,#CCCCCC,#FFFFFF,#CCCCCC,#FFFFFF,0,0,#F5F5F5,#000000,#FFFFFF,       ,       ,       
176,#CCCCCC,#FFFFFF,#CCCCCC,#FFFFFF,0,0,       ,       ,       ,       ,       ,       
177,#CCCCCC,#FFFFFF,#CCCCCC,#FFFFFF,0,0,#F6F6F6,#DCDCDC,#FFFFFF,#FFFFFF,       ,       
178,#CCCCCC,#FFFFFF,#CCCCCC,#FFFFFF,0,0,       ,       ,       ,       ,       ,       
179,#CCCCCC,#FFFFFF,#CCCCCC,#FFFFFF,0,0,       ,       ,       ,       ,       ,       
180,#CCCCCC,#FFFFFF,#CCCCCC,#FFFFFF,0,0,#F6F6F6,#DCDCDC,       ,#FFFFF ,       ,       
181,#CCCCCC,#FFFFFF,#CCCCCC,#FFFFFF,0,0,       ,       ,       ,       ,       ,       
182,#CCCCCC,#FFFFFF,#CCCCCC,#FFFFFF,0,0,       ,       ,       ,       ,       ,       
183,#CCCCCC,#FFFFFF,#CCCCCC,#FFFFFF,0,0,       ,       ,       ,       ,       ,       
184,#CCCCCC,#FFFFFF,#CCCCCC,#FFFFFF,0,0,#F6F6F6,#E7E7E7,#FFFFFF,#DADADA,       ,       
185,#CCCCCC,#FFFFFF,#CCCCCC,#FFFFFF,0,0,#F6F6F6,#E7E7E7,#FFFFFF,#DADADA,       ,       
186,#CCCCCC,#FFFFFF,#CCCCCC,#FFFFFF,0,0,#F6F6F6,#E7E7E7,#FFFFFF,#DADADA,       ,       
187,#CCCCCC,#FFFFFF,#CCCCCC,#FFFFFF,0,0,#F6F6F6,#E7E7E7,#FFFFFF,#DADADA,       ,       
188,#CCCCCC,#FFFFFF,#CCCCCC,#FFFFFF,0,0,#FFFFFF,#DBDBDB,       ,       ,       ,       
189,#CCCCCC,#FFFFFF,#CCCCCC,#FFFFFF,0,0,#FFFFFF,#DBDBDB,       ,       ,       ,       
200,#CCCCCC,#FFFFFF,#CCCCCC,#FFFFFF,0,0,       ,       ,       ,       ,       ,       
202,#CCCCCC,#FFFFFF,#CCCCCC,#FFFFFF,0,0,       ,       ,       ,       ,       ,       
213,#CCCCCC,#FFFFFF,#CCCCCC,#FFFFFF,0,0,       ,#E7E7E7,#C2C2C2,#E4E3E1,       ,       
215,#CCCCCC,#FFFFFF,#CCCCCC,#FFFFFF,0,0,       ,       ,       ,       ,       ,       
216,#CCCCCC,#FFFFFF,#CCCCCC,#FFFFFF,0,0,       ,       ,       ,       ,       ,       
217,#CCCCCC,#FFFFFF,#CCCCCC,#FFFFFF,0,0,       ,       ,       ,       ,       ,       
219,#CCCCCC,#FFFFFF,#CCCCCC,#FFFFFF,0,0,#00BFCD,#20DEEE,#F7F7F7,#C6DEE1,       ,       
218,#CCCCCC,#FFFFFF,#CCCCCC,#FFFFFF,0,0,       ,       ,       ,       ,       ,       
220,#CCCCCC,#FFFFFF,#CCCCCC,#FFFFFF,0,0,       ,       ,       ,       ,       ,       
221,#CCCCCC,#FFFFFF,#CCCCCC,#FFFFFF,0,0,       ,       ,       ,       ,       ,       
222,#CCCCCC,#FFFFFF,#CCCCCC,#FFFFFF,0,0,       ,       ,       ,       ,       ,       
225,       ,       ,       ,#FFFFFF,0,0,       ,       ,       ,#CCCCCC,       ,       
226,#CCCCCC,#FFFFFF,#CCCCCC,#FFFFFF,0,0,       ,       ,       ,       ,       ,       
227,#CCCCCC,#FFFFFF,#CCCCCC,#FFFFFF,0,0,       ,       ,       ,       ,       ,       
228,#CCCCCC,#FFFFFF,#CCCCCC,#FFFFFF,0,0,       ,       ,       ,       ,       ,       
229,#CCCCCC,#FFFFFF,#CCCCCC,#FFFFFF,0,0,       ,       ,       ,       ,       ,       
230,#CCCCCC,#FFFFFF,#CCCCCC,#FFFFFF,0,0,       ,       ,       ,       ,       ,       
231,#CCCCCC,#FFFFFF,#CCCCCC,#FFFFFF,0,0,       ,       ,       ,       ,       ,       
232,#CCCCCC,#FFFFFF,#CCCCCC,#FFFFFF,0,0,       ,       ,       ,       ,       ,       
233,#CCCCCC,#FFFFFF,#CCCCCC,#FFFFFF,0,0,       ,       ,       ,       ,       ,       
234,#CCCCCC,#FFFFFF,#CCCCCC,#FFFFFF,0,0,       ,       ,       ,       ,       ,       
235,#CCCCCC,#FFFFFF,#CCCCCC,#FFFFFF,0,0,       ,       ,       ,       ,       ,       
236,#CCCCCC,#FFFFFF,#CCCCCC,#FFFFFF,0,0,#F6F6F6,#DADADA,#FFFFFF,#CECECE,       ,       
237,#CCCCCC,#FFFFFF,#CCCCCC,#FFFFFF,0,0,       ,       ,       ,       ,       ,       
238,#CCCCCC,#FFFFFF,#CCCCCC,#FFFFFF,0,0,       ,       ,       ,       ,       ,       
239,#CCCCCC,#FFFFFF,#CCCCCC,#FFFFFF,0,0,#F6F6F6,#DADADA,#FFFFFF,#CECECE,       ,       
240,#CCCCCC,#FFFFFF,#CCCCCC,#FFFFFF,0,0,       ,       ,       ,       ,       ,       
241,#CCCCCC,#FFFFFF,#CCCCCC,#FFFFFF,0,0,       ,       ,       ,       ,       ,       
242,#CCCCCC,#FFFFFF,#CCCCCC,#FFFFFF,0,0,#F6F6F6,#DADADA,#FFFFFF,#CECECE,       ,       
243,#CCCCCC,#FFFFFF,#CCCCCC,#FFFFFF,0,0,       ,       ,       ,       ,       ,       
244,#CCCCCC,#FFFFFF,#CCCCCC,#FFFFFF,0,0,       ,       ,       ,       ,       ,       
245,#CCCCCC,#FFFFFF,#CCCCCC,#FFFFFF,0,0,#00BFCD,#20DEEE,#F7F7F7,#C6DEE1,       ,       
246,#CCCCCC,#FFFFFF,#CECECE,#FFFFFF,0,0,       ,       ,#F6F6F6,       ,       ,       
247,#CCCCCC,#FFFFFF,#CCCCCC,#FFFFFF,0,0,       ,       ,       ,       ,       ,       
248,#CCCCCC,#FFFFFF,#CCCCCC,#FFFFFF,0,0,#00BFCD,#C6DEE1,#F7F7F7,#D7D7D7,       ,       
249,#CCCCCC,#FFFFFF,#CCCCCC,#FFFFFF,0,0,       ,       ,       ,       ,       ,       
250,#CCCCCC,#FFFFFF,#CCCCCC,#FFFFFF,0,0,       ,       ,       ,       ,       ,       
251,#CCCCCC,#FFFFFF,#CCCCCC,#FFFFFF,0,0,#F6F6F6,#DCDCDC,#FFFFF ,#FFFFFF,       ,       
252,#CCCCCC,#FFFFFF,#CCCCCC,#FFFFFF,0,0,       ,       ,       ,       ,       ,       
253,#CCCCCC,#FFFFFF,#CCCCCC,#FFFFFF,0,0,       ,       ,       ,       ,       ,       
254,#CCCCCC,#FFFFFF,#CCCCCC,#FFFFFF,0,0,#00BFCD,#C6DEE1,#F7F7F7,#D7D7D7,       ,       
255,#CCCCCC,#FFFFFF,#CCCCCC,#FFFFFF,0,0,       ,       ,       ,       ,       ,       
256,#CCCCCC,#FFFFFF,#CCCCCC,#FFFFFF,0,0,       ,       ,       ,       ,       ,       
257,#CCCCCC,#FFFFFF,#CCCCCC,#FFFFFF,0,0,#00BFCD,#C6DEE1,#F7F7F7,#D7D7D7,       ,       
266,#CCCCCC,#FFFFFF,#CCCCCC,#FFFFFF,0,0,       ,       ,       ,       ,       ,       
258,#CCCCCC,#FFFFFF,#CCCCCC,#FFFFFF,0,0,       ,       ,       ,       ,       ,       
259,#CCCCCC,#FFFFFF,#CCCCCC,#FFFFFF,0,0,       ,       ,       ,       ,       ,       
260,#CCCCCC,#FFFFFF,#CCCCCC,#FFFFFF,0,0,#F6F6F6,#C2C2C2,#FFFFFF,#EEEEEE,#FFFFFF,#FFFFFF
261,#CCCCCC,#FFFFFF,#CCCCCC,#FFFFFF,0,0,       ,       ,       ,       ,       ,       
262,       ,       ,       ,#FFFFFF,0,0,#27AABD,       ,#FFFFFF,       ,       ,       
263,       ,       ,#B6B6B6,#FFFFFF,0,0,       ,       ,#FFFFFF,       ,       ,       
264,       ,       ,#DEDEDE,#FFFFFF,0,0,       ,       ,#FFFFFF,       ,       ,       
265,#CCCCCC,#FFFFFF,#CCCCCC,#FFFFFF,0,0,       ,       ,       ,       ,       ,       
267,#CCCCCC,#FFFFFF,#CCCCCC,#FFFFFF,0,0,       ,       ,       ,       ,       ,       
270,       ,       ,       ,#FFFFFF,0,0,#E7E7E7,       ,#FFFFFF,       ,       ,       
271,       ,       ,       ,#FFFFFF,0,0,#CCCCCC,       ,#FFFFFF,       ,       ,       
272,       ,       ,       ,#FFFFFF,0,0,#E7DFD6,#CEC3B5,#FFFFFF,       ,       ,       
273,       ,       ,       ,#FFFFFF,0,0,#E7DFD6,#CEC3B5,#FFFFFF,       ,       ,       
131,#CCCCCC,#FFFFFF,#CCCCCC,#FFFFFF,0,0,       ,       ,       ,       ,       ,       
132,#CCCCCC,#FFFFFF,#CCCCCC,#FFFFFF,0,0,       ,       ,       ,       ,       ,       
133,#CCCCCC,#FFFFFF,#CCCCCC,#FFFFFF,0,0,#F6F6F6,#CECECE,#FFFFFF,#DADADA,       ,       
274,#CCCCCC,#FFFFFF,#CCCCCC,#FFFFFF,0,0,       ,       ,       ,       ,       ,       
275,#CCCCCC,#FFFFFF,#CCCCCC,#FFFFFF,0,0,       ,       ,       ,       ,       ,       
276,#CCCCCC,#FFFFFF,#CCCCCC,#FFFFFF,0,0,       ,       ,       ,       ,       ,       
277,#CCCCCC,#FFFFFF,#CCCCCC,#FFFFFF,0,0,       ,       ,       ,       ,       ,       
278,#CCCCCC,#FFFFFF,#CCCCCC,#FFFFFF,0,0,#00BFCD,#20DEEE,#F7F7F7,#C6DEE1,       ,       
279,#CCCCCC,#FFFFFF,#CCCCCC,#FFFFFF,0,0,       ,       ,       ,       ,       ,       
280,#CCCCCC,#FFFFFF,#CCCCCC,#FFFFFF,0,0,       ,       ,       ,       ,       ,       
281,#CCCCCC,#FFFFFF,#CCCCCC,#FFFFFF,0,0,       ,       ,       ,       ,       ,       
282,#CCCCCC,#FFFFFF,#CCCCCC,#FFFFFF,0,0,#00BFCD,#20DEEE,#F7F7F7,#C6DEE1,       ,       
283,#CCCCCC,#FFFFFF,#CCCCCC,#FFFFFF,0,0,       ,       ,       ,       ,       ,       
289,#CCCCCC,#FFFFFF,#CCCCCC,#FFFFFF,0,0,       ,       ,       ,       ,       ,       
290,#CCCCCC,#FFFFFF,#CCCCCC,#FFFFFF,0,0,       ,       ,       ,       ,       ,       
291,#CCCCCC,#FFFFFF,#CCCCCC,#FFFFFF,0,0,#00BFCD,#20DEEE,#F7F7F7,#C6DEE1,       ,       
292,#CCCCCC,#FFFFFF,#CCCCCC,#FFFFFF,0,0,#00BFCD,#20DEEE,#F7F7F7,#C6DEE1,       ,       
286,#CCCCCC,#FFFFFF,#CECECE,#FFFFFF,0,0,       ,       ,#F6F6F6,       ,       ,       
287,#CCCCCC,#FFFFFF,#CCCCCC,#FFFFFF,0,0,       ,       ,       ,       ,       ,       
288,#CCCCCC,#FFFFFF,#CCCCCC,#FFFFFF,0,0,#00BFCD,#C6DEE1,#F7F7F7,#D7D7D7,       ,       
296,#CCCCCC,#FFFFFF,#CCCCCC,#FFFFFF,0,0,       ,       ,       ,       ,       ,       
297,#CCCCCC,#FFFFFF,#CCCCCC,#FFFFFF,0,0,       ,       ,       ,       ,       ,       
298,#CCCCCC,#FFFFFF,#CCCCCC,#FFFFFF,0,0,#F6F6F6,#DCDCDC,#FFFFF ,#FFFFFF,       ,       
293,#CCCCCC,#FFFFFF,#CCCCCC,#FFFFFF,0,0,       ,       ,       ,       ,       ,       
294,#CCCCCC,#FFFFFF,#CCCCCC,#FFFFFF,0,0,       ,       ,       ,       ,       ,       
295,#CCCCCC,#FFFFFF,#CCCCCC,#FFFFFF,0,0,#00BFCD,#C6DEE1,#F7F7F7,#D7D7D7,       ,       
299,#CCCCCC,#FFFFFF,#CCCCCC,#FFFFFF,0,0,       ,       ,       ,       ,       ,       
300,#CCCCCC,#FFFFFF,#CCCCCC,#FFFFFF,0,0,       ,       ,       ,       ,       ,       
301,#CCCCCC,#FFFFFF,#CCCCCC,#FFFFFF,0,0,#F6F6F6,#DCDCDC,#FFFFFF,#FFFFFF,       ,       
302,#CCCCCC,#FFFFFF,#CCCCCC,#FFFFFF,0,0,       ,       ,       ,       ,       ,       
303,#CCCCCC,#FFFFFF,#CCCCCC,#FFFFFF,0,0,       ,       ,       ,       ,       ,       
304,#CCCCCC,#FFFFFF,#CCCCCC,#FFFFFF,0,0,#00BFCD,#20DEEE,#F7F7F7,#C6DEE1,       ,       
305,#CCCCCC,#FFFFFF,#CECECE,#FFFFFF,0,0,       ,       ,#F6F6F6,       ,       ,       
306,#CCCCCC,#FFFFFF,#CCCCCC,#FFFFFF,0,0,       ,       ,       ,       ,       ,       
307,#CCCCCC,#FFFFFF,#CCCCCC,#FFFFFF,0,0,#00BFCD,#C6DEE1,#F7F7F7,#D7D7D7,       ,       
311,#CCCCCC,#FFFFFF,#CCCCCC,#FFFFFF,0,0,       ,       ,       ,       ,       ,       
312,#CCCCCC,#FFFFFF,#CCCCCC,#FFFFFF,0,0,       ,       ,       ,       ,       ,       
313,#CCCCCC,#FFFFFF,#CCCCCC,#FFFFFF,0,0,#00BFCD,#C6DEE1,#F7F7F7,#D7D7D7,       ,       
308,#CCCCCC,#FFFFFF,#CCCCCC,#FFFFFF,0,0,       ,       ,       ,       ,       ,       
309,#CCCCCC,#FFFFFF,#CCCCCC,#FFFFFF,0,0,       ,       ,       ,       ,       ,       
310,#CCCCCC,#FFFFFF,#CCCCCC,#FFFFFF,0,0,#00BFCD,#C6DEE1,#F7F7F7,#D7D7D7,       ,       
285,#CCCCCC,#FFFFFF,#CCCCCC,#FFFFFF,0,0,#00BFCD,#C6DEE1,#F7F7F7,#D7D7D7,       ,       
315,       ,       ,       ,#FFFFFF,0,0,       ,       ,       ,#CCCCCC,       ,       
317,#CCCCCC,#FFFFFF,#CCCCCC,#FFFFFF,0,0,#F6F6F6,#DADADA,#FFFFFF,#CECEC ,       ,       
319,#CCCCCC,#FFFFFF,#CECECE,#FFFFFF,0,0,       ,       ,       ,#D7D7D7,#FFFFFF,#FFFFFF
320,#CCCCCC,#FFFFFF,#CECECE,#FFFFFF,0,0,       ,       ,       ,#D7D7D7,#FFFFFF,#FFFFFF
19,#CCCCCC,#FFFFFF,#CCCCCC,#FFFFFF,0,0,       ,       ,       ,       ,       ,       
20,#CCCCCC,#FFFFFF,#CCCCCC,#FFFFFF,0,0,       ,       ,       ,       ,       ,       
358,#CCCCCC,#FFFFFF,#CCCCCC,#FFFFFF,0,0,       ,       ,       ,       ,       ,       
359,#CCCCCC,#FFFFFF,#CCCCCC,#FFFFFF,0,0,       ,       ,       ,       ,       ,       
372,#CCCCCC,#FFFFFF,#CCCCCC,#FFFFFF,0,0,       ,#E7E7E7,#C2C2C2,#E4E3E1,       ,       
